{"loss": [125.55488586425781, 33.80237579345703, 27.564756393432617, 24.428667068481445, 20.962963104248047, 29.785594940185547, 24.297765731811523, 20.624113082885742, 20.926774978637695, 21.597265243530273, 20.125011444091797, 19.397005081176758, 22.50575065612793, 20.53204917907715, 19.40167999267578, 18.35276985168457, 16.967317581176758, 18.261484146118164, 17.667274475097656, 15.587449073791504, 23.66592025756836, 17.333396911621094, 14.977701187133789, 15.2072114944458, 15.080039978027344, 14.130082130432129, 15.430336952209473, 13.593097686767578, 12.906633377075195, 13.758933067321777, 13.39305591583252, 12.262420654296875, 11.725953102111816, 12.418120384216309, 11.603858947753906, 10.839987754821777, 11.220458030700684, 11.344654083251953, 11.219437599182129, 10.462282180786133, 15.389965057373047, 9.924744606018066, 9.910253524780273, 9.72619915008545, 9.5830078125, 9.2042818069458, 9.222356796264648, 8.666216850280762, 9.010656356811523, 8.506414413452148], "main_output_activation_loss": [125.3951416015625, 33.73710250854492, 27.539548873901367, 24.421579360961914, 20.95728302001953, 29.777992248535156, 24.2902774810791, 20.61768341064453, 20.920841217041016, 21.591720581054688, 20.12147331237793, 19.3925724029541, 22.501953125, 20.527259826660156, 19.397174835205078, 18.348371505737305, 16.962873458862305, 18.255577087402344, 17.663684844970703, 15.584805488586426, 23.66272735595703, 17.32963752746582, 14.974495887756348, 15.204211235046387, 15.0758056640625, 14.126951217651367, 15.426218032836914, 13.590150833129883, 12.903770446777344, 13.754522323608398, 13.389704704284668, 12.260077476501465, 11.723642349243164, 12.415699005126953, 11.601174354553223, 10.838103294372559, 11.21778678894043, 11.341191291809082, 11.21657657623291, 10.460086822509766, 15.387922286987305, 9.922161102294922, 9.907327651977539, 9.72435188293457, 9.581331253051758, 9.200920104980469, 9.220342636108398, 8.664497375488281, 9.007952690124512, 8.504335403442383], "mask_output_activation_loss": [0.1596461534500122, 0.06526421755552292, 0.025203661993145943, 0.007106971926987171, 0.005688287317752838, 0.007583123166114092, 0.007466957438737154, 0.006414789706468582, 0.005955377593636513, 0.005528819281607866, 0.0035726323258131742, 0.004448588006198406, 0.0037972533609718084, 0.004781452007591724, 0.004490502178668976, 0.0043945093639194965, 0.004440552555024624, 0.005915534216910601, 0.0036068051122128963, 0.002648973139002919, 0.003195210127159953, 0.003764890832826495, 0.0032072465401142836, 0.0029904446564614773, 0.004218047019094229, 0.003124346723780036, 0.0041251229122281075, 0.0029489092994481325, 0.0028727573808282614, 0.004402756225317717, 0.0033502515871077776, 0.0023436937481164932, 0.002318807179108262, 0.002421777928248048, 0.0026849713176488876, 0.0018804460996761918, 0.002663714112713933, 0.0034526768140494823, 0.002867714734748006, 0.0021933752577751875, 0.0020413296297192574, 0.002565704518929124, 0.0029298667795956135, 0.0018525246996432543, 0.0016711029456928372, 0.003372182371094823, 0.002007649978622794, 0.0017237233696505427, 0.0026993178762495518, 0.0020759731996804476], "main_output_activation_precision": [0.010334834456443787, 0.8699533939361572, 0.8310616612434387, 0.8183100819587708, 0.8223796486854553, 0.794429361820221, 0.8079354166984558, 0.8336507678031921, 0.827183723449707, 0.8220478892326355, 0.8358451128005981, 0.8247539401054382, 0.8262625336647034, 0.8395717144012451, 0.8428439497947693, 0.8498007655143738, 0.8515725135803223, 0.8558547496795654, 0.8534049391746521, 0.8580387830734253, 0.8758566975593567, 0.8548688888549805, 0.8700363636016846, 0.8685373663902283, 0.8723934292793274, 0.8750253319740295, 0.8741812109947205, 0.877406120300293, 0.880721926689148, 0.8781188726425171, 0.8831438422203064, 0.8865222334861755, 0.8891307711601257, 0.8833714723587036, 0.8941625356674194, 0.8945552706718445, 0.8969128727912903, 0.8975628018379211, 0.8983125686645508, 0.9034546613693237, 0.9117439389228821, 0.9059702754020691, 0.9046241044998169, 0.9072116613388062, 0.9066130518913269, 0.9140545129776001, 0.9133598804473877, 0.9172164797782898, 0.9138288497924805, 0.917790412902832], "main_output_activation_recall": [0.004194209817796946, 0.33637338876724243, 0.6043654680252075, 0.6787562370300293, 0.7368046045303345, 0.6633453369140625, 0.7129030227661133, 0.7552130222320557, 0.7279893159866333, 0.7248151898384094, 0.7359503507614136, 0.734551727771759, 0.7210153341293335, 0.739344596862793, 0.7497117519378662, 0.7643967270851135, 0.7707908153533936, 0.772757351398468, 0.7747744917869568, 0.7875915169715881, 0.8250288367271423, 0.7846116423606873, 0.811374843120575, 0.8045867085456848, 0.810195803642273, 0.8240117430686951, 0.8047067523002625, 0.8198486566543579, 0.8294989466667175, 0.8183521032333374, 0.832625150680542, 0.8385104537010193, 0.8499003648757935, 0.8353549838066101, 0.8553970456123352, 0.8586338758468628, 0.863174557685852, 0.8612602353096008, 0.8604849576950073, 0.8711397051811218, 0.8896509408950806, 0.8782020807266235, 0.8755955100059509, 0.8777032494544983, 0.8779745101928711, 0.8871408104896545, 0.8894969820976257, 0.8909986019134521, 0.889530599117279, 0.8942980170249939], "mask_output_activation_accuracy": [0.291606068611145, 0.9483338594436646, 0.9962927103042603, 0.997638463973999, 0.9979479312896729, 0.9975667595863342, 0.9974482655525208, 0.9973894953727722, 0.9971379041671753, 0.9966834783554077, 0.9970480799674988, 0.9968312978744507, 0.99652498960495, 0.9968951344490051, 0.9972049593925476, 0.9969999194145203, 0.9973454475402832, 0.997218906879425, 0.9973302483558655, 0.9975310564041138, 0.9954792857170105, 0.997358500957489, 0.9973964095115662, 0.9974457621574402, 0.9969990849494934, 0.9973809123039246, 0.997312605381012, 0.9974197149276733, 0.9973667860031128, 0.9968962073326111, 0.9971270561218262, 0.9973786473274231, 0.997284471988678, 0.9973165988922119, 0.997145414352417, 0.9973520636558533, 0.9969372749328613, 0.9970105886459351, 0.997116208076477, 0.9972065091133118, 0.9951024055480957, 0.9970817565917969, 0.9970506429672241, 0.9972018003463745, 0.9969680905342102, 0.9964749813079834, 0.9969858527183533, 0.997016429901123, 0.9968885779380798, 0.9969591498374939], "val_loss": [54.5041389465332, 37.507137298583984, 20.53714370727539, 22.159364700317383, 25.973920822143555, 20.336708068847656, 32.317726135253906, 18.078502655029297, 28.15926742553711, 18.45396614074707, 18.867965698242188, 18.71277618408203, 24.1326904296875, 16.394149780273438, 20.919879913330078, 16.146652221679688, 18.716615676879883, 23.813953399658203, 16.163185119628906, 15.003400802612305, 20.88836669921875, 15.231958389282227, 14.589707374572754, 14.849992752075195, 14.463255882263184, 14.880561828613281, 14.940338134765625, 14.381719589233398, 14.524314880371094, 13.064401626586914, 12.682600975036621, 13.048792839050293, 14.513535499572754, 12.969069480895996, 12.029232025146484, 12.143960952758789, 11.047069549560547, 12.334217071533203, 11.593639373779297, 12.957781791687012, 15.798903465270996, 13.486368179321289, 11.599028587341309, 10.745211601257324, 10.071063041687012, 9.024333953857422, 9.093670845031738, 9.474939346313477, 9.002331733703613, 7.953428745269775],