{"loss": [0.4921524226665497, 0.05634590983390808, 0.03693002834916115, 0.03033924289047718, 0.02910592593252659, 0.031098878011107445, 0.02791108563542366, 0.027140619233250618, 0.026247747242450714, 0.028752552345395088, 0.023316403850913048, 0.023739982396364212, 0.020697234198451042, 0.02409329265356064, 0.02417704649269581, 0.03359733894467354, 0.02697812020778656, 0.023903191089630127, 0.02409832365810871, 0.021743293851614, 0.020342441275715828, 0.02156013809144497, 0.026836279779672623, 0.07460962980985641, 0.03700429946184158, 0.029333174228668213, 0.02436789683997631, 0.023856058716773987, 0.020613379776477814, 0.02054278738796711, 0.020468536764383316, 0.02065105549991131, 0.018913663923740387, 0.018316710367798805, 0.01797718182206154, 0.016519956290721893, 0.017557967454195023, 0.017741652205586433, 0.016853658482432365, 0.016208503395318985, 0.024813812226057053, 0.01526698563247919, 0.01617756113409996, 0.015256846323609352, 0.015132724307477474, 0.013836762867867947, 0.014860459603369236, 0.012916321866214275, 0.013443218544125557, 0.013587206602096558], "precision_1": [0.27053120732307434, 0.7433904409408569, 0.803957462310791, 0.8164892792701721, 0.819989800453186, 0.7999171018600464, 0.8177369236946106, 0.8268426060676575, 0.8303933143615723, 0.8202893733978271, 0.8422496318817139, 0.8379335403442383, 0.8452804684638977, 0.8358213901519775, 0.834065854549408, 0.8081538677215576, 0.829283595085144, 0.8433170318603516, 0.837478756904602, 0.8511513471603394, 0.8530510663986206, 0.8509653210639954, 0.8265970349311829, 0.7460106015205383, 0.8010854125022888, 0.8232907056808472, 0.837865948677063, 0.8410330414772034, 0.8559166789054871, 0.8577123880386353, 0.8593290448188782, 0.8577108383178711, 0.8590056300163269, 0.8652673959732056, 0.8655907511711121, 0.87282395362854, 0.8691051602363586, 0.870062530040741, 0.8703634738922119, 0.8766258955001831, 0.8846867084503174, 0.8774088621139526, 0.8796586394309998, 0.8806638717651367, 0.8834089636802673, 0.8922655582427979, 0.8875677585601807, 0.8936001658439636, 0.8905897736549377, 0.8916178345680237], "recall_1": [0.3703993260860443, 0.553322434425354, 0.6513860821723938, 0.6976263523101807, 0.7127473950386047, 0.6982203722000122, 0.7163507342338562, 0.7230320572853088, 0.7361738681793213, 0.7129374146461487, 0.7655336856842041, 0.7573943138122559, 0.7743274569511414, 0.7563332915306091, 0.751377522945404, 0.6691702008247375, 0.7105334401130676, 0.7506814002990723, 0.7373263239860535, 0.7575515508651733, 0.7800709009170532, 0.7685340046882629, 0.726118266582489, 0.4361913204193115, 0.6250804662704468, 0.6810559630393982, 0.7413249015808105, 0.7462725043296814, 0.7726606130599976, 0.7867572903633118, 0.7859101295471191, 0.7846729159355164, 0.7965381741523743, 0.8034358620643616, 0.8083088397979736, 0.8186001777648926, 0.8151518106460571, 0.8128603100776672, 0.8180764317512512, 0.8284187912940979, 0.8496447801589966, 0.8363952040672302, 0.8329401612281799, 0.837096631526947, 0.8419391512870789, 0.8502179384231567, 0.8525956869125366, 0.859689474105835, 0.8585795760154724, 0.8600969910621643], "val_loss": [0.2943871021270752, 0.039549313485622406, 0.028038322925567627, 0.031108498573303223, 0.07292681187391281, 0.1980992704629898, 0.22026409208774567, 0.13238391280174255, 0.3214915990829468, 0.2495691329240799, 0.677945077419281, 0.030306072905659676, 0.11370567232370377, 0.04567511007189751, 0.12397002428770065, 0.030163580551743507, 0.023717274889349937, 0.08524111658334732, 0.08360562473535538, 0.02222188003361225, 0.036790892481803894, 0.19016563892364502, 0.14469322562217712, 0.1303238719701767, 0.03279857710003853, 0.05773409828543663, 0.024320919066667557, 0.026608102023601532, 0.042846743017435074, 0.021016033366322517, 0.06420450657606125, 0.031099505722522736, 0.030709614977240562, 0.020085550844669342, 0.019903751090168953, 0.01790560595691204, 0.019387707114219666, 0.02106330916285515, 0.03724807873368263, 0.023324081674218178, 0.026600463315844536, 0.01741167902946472, 0.016856612637639046, 0.019075607880949974, 0.01670205406844616, 0.016368838027119637, 0.01295128371566534, 0.012961814180016518, 0.02240217849612236, 0.020113224163651466], "val_precision_1": [0.9498535990715027, 0.858415424823761, 0.8703476190567017, 0.8530750274658203, 0.8543511033058167, 0.8328292965888977, 0.9221979975700378, 0.9248287677764893, 0.8232706785202026, 0.25992923974990845, 0.8142250776290894, 0.8581072688102722, 0.8550770878791809, 0.9450680017471313, 0.8976732492446899, 0.9110184907913208, 0.8420454859733582, 0.7476377487182617, 0.8483047485351562, 0.8851715326309204, 0.7155945897102356, 0.4641306400299072, 0.8056679964065552, 0.9076782464981079, 0.8517430424690247, 0.8861621618270874, 0.8854263424873352, 0.8102115988731384, 0.9096720814704895, 0.9337663054466248, 0.9167315363883972, 0.8906772136688232, 0.7681864500045776, 0.8554043769836426, 0.9306685924530029, 0.8916771411895752, 0.8657689094543457, 0.8886520862579346, 0.9325581192970276, 0.9519791007041931, 0.936081051826477, 0.9100611805915833, 0.8712958097457886, 0.9298422336578369, 0.8897708058357239, 0.8281816244125366, 0.8921504020690918, 0.889390766620636, 0.9465827941894531, 0.9527514576911926], "val_recall_1": [0.07119770348072052, 0.6022627353668213, 0.6468749046325684, 0.6972571015357971, 0.5969834923744202, 0.12328602373600006, 0.2744278907775879, 0.3034432828426361, 0.00982290506362915, 0.532531201839447, 0.0011053911875933409, 0.6372771263122559, 0.6769909262657166, 0.4858425259590149, 0.2055462747812271, 0.5998939871788025, 0.7635889649391174, 0.40899232029914856, 0.2728956341743469, 0.7049071788787842, 0.8054654598236084, 0.3067356050014496, 0.37676873803138733, 0.15746547281742096, 0.6134090423583984, 0.4499548673629761, 0.7104936242103577, 0.7923356294631958, 0.5660489201545715, 0.6855567097663879, 0.5801141262054443, 0.6456820368766785, 0.7882145047187805, 0.7822598218917847, 0.7124311327934265, 0.7768409848213196, 0.7901846766471863, 0.7668969035148621, 0.5952771306037903, 0.6747454404830933, 0.7864542007446289, 0.7925652265548706, 0.8306060433387756, 0.7473700642585754, 0.8140406012535095, 0.8938353657722473, 0.8673516511917114, 0.8694274425506592, 0.7251608371734619, 0.7291280627250671]}