{"loss": [0.034411534667015076, 0.004801717586815357, 0.004351711366325617, 0.004227220080792904, 0.0036650956608355045, 0.0033972756937146187, 0.003404258983209729, 0.003616452682763338, 0.00442366162315011, 0.009412563405930996, 0.003863109741359949, 0.002803984796628356, 0.00258891424164176, 0.0032629864290356636, 0.0024583779741078615, 0.002648427151143551, 0.002615341916680336, 0.0025399397127330303, 0.0024011745117604733, 0.0024372499901801348, 0.0023197121918201447, 0.002260794397443533, 0.0021894548553973436, 0.002146251732483506, 0.0022061197087168694, 0.002063356339931488, 0.002076361794024706, 0.002157247392460704, 0.0021264972165226936, 0.0021064213942736387, 0.0020356939639896154, 0.0020572165958583355, 0.001993922982364893, 0.0019981474615633488, 0.002012563869357109, 0.0019738171249628067, 0.001974494429305196, 0.002052397234365344, 0.001901789102703333, 0.0018829122418537736, 0.0018296916969120502, 0.0017997800605371594, 0.001915635890327394, 0.0017609202768653631, 0.0018458492122590542, 0.0018100566230714321, 0.0018071233062073588, 0.0016376777784898877, 0.0018845552112907171, 0.0018300798255950212], "precision": [0.5374794006347656, 0.7553670406341553, 0.7970696091651917, 0.8175361156463623, 0.819572925567627, 0.8197041153907776, 0.8241524696350098, 0.8115991950035095, 0.8045330047607422, 0.732197642326355, 0.8606896996498108, 0.8309236168861389, 0.8459855914115906, 0.8537658452987671, 0.8519150018692017, 0.8577284216880798, 0.8562020659446716, 0.8526852130889893, 0.8666564226150513, 0.8659744262695312, 0.8703321218490601, 0.8630731105804443, 0.8661309480667114, 0.8676818013191223, 0.8716691136360168, 0.8693757653236389, 0.8655580878257751, 0.864835262298584, 0.8612270951271057, 0.8688631653785706, 0.8672118782997131, 0.8698158264160156, 0.8730888366699219, 0.8773277997970581, 0.8703883290290833, 0.8798039555549622, 0.8805533647537231, 0.8757386803627014, 0.8816920518875122, 0.8816655278205872, 0.8825879096984863, 0.8839433789253235, 0.885771632194519, 0.8896294832229614, 0.8913007974624634, 0.8878081440925598, 0.8918573260307312, 0.8937177658081055, 0.8885782957077026, 0.8940767645835876], "recall": [0.5913907885551453, 0.6312800645828247, 0.6616942286491394, 0.7060009837150574, 0.7124013304710388, 0.7325408458709717, 0.7388449311256409, 0.7544482350349426, 0.7551111578941345, 0.7784028053283691, 0.817426860332489, 0.780487596988678, 0.7934399843215942, 0.7864741086959839, 0.7994112968444824, 0.7948800325393677, 0.7942163348197937, 0.7926794290542603, 0.802918553352356, 0.8046039938926697, 0.8071162104606628, 0.8049545884132385, 0.8140843510627747, 0.8143541216850281, 0.8107941746711731, 0.829512357711792, 0.8202531933784485, 0.8303143382072449, 0.8287168741226196, 0.8258650302886963, 0.8242954015731812, 0.8313668370246887, 0.8348879814147949, 0.8317208886146545, 0.8244614005088806, 0.83551424741745, 0.8280700445175171, 0.823824405670166, 0.8350556492805481, 0.8376564383506775, 0.8416600823402405, 0.8501671552658081, 0.8421697616577148, 0.845917820930481, 0.8431340456008911, 0.8448593020439148, 0.8423186540603638, 0.8548611998558044, 0.8404171466827393, 0.8392250537872314], "val_loss": [0.021432988345623016, 0.013089887797832489, 0.003996136598289013, 0.015072975307703018, 0.005177236627787352, 0.0055158622562885284, 0.003628923324868083, 0.00840509682893753, 0.005102329887449741, 0.011788558214902878, 0.004830168094485998, 0.007833179086446762, 0.004472377244383097, 0.0065782745368778706, 0.0031054734718054533, 0.006723124533891678, 0.0029639541171491146, 0.004599450156092644, 0.003388873301446438, 0.004026545211672783, 0.0027634678408503532, 0.002681789454072714, 0.002605556044727564, 0.0022158522624522448, 0.004403926432132721, 0.0044113341718912125, 0.002605161163955927, 0.005299634300172329, 0.0022602856624871492, 0.0019294812809675932, 0.0027456791140139103, 0.0034873902332037687, 0.003818859113380313, 0.002818978624418378, 0.0022579694632440805, 0.0021036684047430754, 0.002997517818585038, 0.00247141788713634, 0.0028569623827934265, 0.0033479956910014153, 0.004554962273687124, 0.0053939176723361015, 0.0033027625177055597, 0.002291698707267642, 0.0035163748543709517, 0.007678176276385784, 0.002976507181301713, 0.0021567577496170998, 0.0029549908358603716, 0.0026289611123502254], "val_precision": [0.6435911655426025, 0.9553126096725464, 0.7637701034545898, 0.938442587852478, 0.9284493327140808, 0.9124137163162231, 0.8913770914077759, 0.9452129006385803, 0.8942741751670837, 0.9422828555107117, 0.9218531250953674, 0.9363925457000732, 0.9334150552749634, 0.9188880920410156, 0.9277998208999634, 0.9350218176841736, 0.9278658032417297, 0.9484413862228394, 0.9037469625473022, 0.9017804861068726, 0.8948444724082947, 0.9134967923164368, 0.8001413345336914, 0.9277635812759399, 0.9646646976470947, 0.9397608637809753, 0.9472327828407288, 0.9130826592445374, 0.9301465749740601, 0.9276917576789856, 0.9338456988334656, 0.9505216479301453, 0.9786279201507568, 0.880997896194458, 0.9240343570709229, 0.9284980893135071, 0.9000586271286011, 0.8323312401771545, 0.9320759177207947, 0.9040406942367554, 0.9359524846076965, 0.9217212200164795, 0.9500226974487305, 0.8878358602523804, 0.9284830689430237, 0.9543069005012512, 0.9276599884033203, 0.947126030921936, 0.9052748680114746, 0.9489467144012451], "val_recall": [0.571537435054779, 0.3792905807495117, 0.6676570773124695, 0.30337321758270264, 0.5456056594848633, 0.5174710750579834, 0.6347017288208008, 0.4268558621406555, 0.6352201700210571, 0.40641894936561584, 0.695760190486908, 0.4097873568534851, 0.5618917942047119, 0.5286845564842224, 0.6789116263389587, 0.5487957000732422, 0.6925702691078186, 0.5577125549316406, 0.7065066695213318, 0.7028993964195251, 0.7493237853050232, 0.7326140403747559, 0.8535075783729553, 0.7438327074050903, 0.5544366836547852, 0.6283906102180481, 0.6980307102203369, 0.5777393579483032, 0.732624888420105, 0.7833054661750793, 0.7088606953620911, 0.6103987097740173, 0.5921334624290466, 0.7231484055519104, 0.7293362021446228, 0.7516546249389648, 0.7107865214347839, 0.825049102306366, 0.699668288230896, 0.77597975730896, 0.6405521631240845, 0.6398729681968689, 0.697225034236908, 0.8353061079978943, 0.7049399018287659, 0.5377038717269897, 0.6973773837089539, 0.7590627074241638, 0.7423694133758545, 0.7105309367179871]}