{"loss": [0.11814744770526886, 0.044413983821868896, 0.03549106419086456, 0.03277457877993584, 0.03170372173190117, 0.028181321918964386, 0.027348563075065613, 0.029291922226548195, 0.025578126311302185, 0.023376015946269035, 0.022218354046344757, 0.021079901605844498, 0.021314991638064384, 0.022010965272784233, 0.019712025299668312, 0.019924938678741455, 0.018587008118629456, 0.018197569996118546, 0.01917133294045925, 0.017987947911024094, 0.017663128674030304, 0.017449358478188515, 0.016653500497341156, 0.016741234809160233, 0.0163533017039299, 0.015240397304296494, 0.015456554479897022, 0.015183821320533752, 0.014399372041225433, 0.014479444362223148, 0.02144208736717701, 0.014124772511422634, 0.013667083345353603, 0.013347727246582508, 0.013274391181766987, 0.013658922165632248, 0.013197186402976513, 0.012818967923521996, 0.01228241715580225, 0.012077121995389462, 0.013849800452589989, 0.01192531269043684, 0.011443516239523888, 0.011330904439091682, 0.011568480171263218, 0.011549625545740128, 0.010528067126870155, 0.011403710581362247, 0.010366464965045452, 0.009601625613868237], "precision": [0.6300955414772034, 0.7316766381263733, 0.7637574672698975, 0.7775678634643555, 0.7821314930915833, 0.7986505031585693, 0.811846137046814, 0.8075977563858032, 0.8225122690200806, 0.8281163573265076, 0.8377488255500793, 0.8459146022796631, 0.8389983773231506, 0.8423522710800171, 0.8512725830078125, 0.8472485542297363, 0.8556981682777405, 0.8527966141700745, 0.8592056035995483, 0.8582757115364075, 0.8646150231361389, 0.8605461716651917, 0.8642711043357849, 0.8681467771530151, 0.8705851435661316, 0.8764039874076843, 0.8749656677246094, 0.8744894862174988, 0.8801915645599365, 0.8800170421600342, 0.8913092017173767, 0.8830965161323547, 0.8855553269386292, 0.8837980031967163, 0.8879166841506958, 0.8862658739089966, 0.8909430503845215, 0.8949306011199951, 0.8962410688400269, 0.8971738219261169, 0.8907080888748169, 0.8996673822402954, 0.9002470374107361, 0.9028459191322327, 0.9023393988609314, 0.9045578241348267, 0.9082822203636169, 0.9065877199172974, 0.909584641456604, 0.9137628674507141], "recall": [0.5327256917953491, 0.5633126497268677, 0.6429201364517212, 0.6797375082969666, 0.6771774291992188, 0.7124756574630737, 0.714790940284729, 0.7031674981117249, 0.7356657981872559, 0.751569390296936, 0.7640016078948975, 0.771570086479187, 0.7661075592041016, 0.7661477327346802, 0.7903499603271484, 0.7915117144584656, 0.8060277700424194, 0.7971843481063843, 0.7961713671684265, 0.8014029860496521, 0.8191477656364441, 0.8135785460472107, 0.8191014528274536, 0.8248068690299988, 0.8242748379707336, 0.836372971534729, 0.836266040802002, 0.8378354907035828, 0.8516233563423157, 0.8428604006767273, 0.8672405481338501, 0.8559682965278625, 0.8578380346298218, 0.85517418384552, 0.865431010723114, 0.8575137853622437, 0.8673440217971802, 0.8667861223220825, 0.870208203792572, 0.8714231848716736, 0.8623997569084167, 0.877497136592865, 0.8819999098777771, 0.8810043931007385, 0.8793216943740845, 0.8816931247711182, 0.8891465663909912, 0.890375018119812, 0.89190274477005, 0.8959110379219055], "val_loss": [0.13766562938690186, 0.03749869763851166, 0.05640850216150284, 0.09062492102384567, 0.032498329877853394, 0.05154411494731903, 0.03386273980140686, 0.051518429070711136, 0.03448180854320526, 0.026304472237825394, 0.029352301731705666, 0.1213558092713356, 0.02654360979795456, 0.020639238879084587, 0.02109372429549694, 0.020098643377423286, 0.023740140721201897, 0.028950246050953865, 0.020845331251621246, 0.020885270088911057, 0.017297115176916122, 0.0198204442858696, 0.04019806906580925, 0.01765311323106289, 0.016489442437887192, 0.01867070607841015, 0.017115004360675812, 0.01932140253484249, 0.022276904433965683, 0.014865808188915253, 0.02850322797894478, 0.015152746811509132, 0.015354963950812817, 0.01469197403639555, 0.020591188222169876, 0.016591699793934822, 0.016546085476875305, 0.01269003190100193, 0.013851629570126534, 0.01615074835717678, 0.015085477381944656, 0.012942606583237648, 0.013170089572668076, 0.013545313850045204, 0.01950732059776783, 0.013633286580443382, 0.01390633825212717, 0.012266261503100395, 0.012126940302550793, 0.013588355854153633], "val_precision": [0.7934492826461792, 0.8374435901641846, 0.5527693629264832, 0.98114013671875, 0.8422123789787292, 0.9547673463821411, 0.6230698823928833, 0.7030982375144958, 0.9037694334983826, 0.9218337535858154, 0.9507562518119812, 0.8037698864936829, 0.9428262114524841, 0.8100551962852478, 0.7935562133789062, 0.8865417838096619, 0.8630547523498535, 0.9573373794555664, 0.9428495168685913, 0.9374798536300659, 0.935685396194458, 0.8277024030685425, 0.9615764617919922, 0.9303361773490906, 0.8634524941444397, 0.9263867139816284, 0.9208781123161316, 0.9371798634529114, 0.9314879775047302, 0.9255043268203735, 0.9310568571090698, 0.8968490362167358, 0.9396527409553528, 0.9291443824768066, 0.9727044105529785, 0.9225132465362549, 0.9094070792198181, 0.9086044430732727, 0.9424296021461487, 0.9501355886459351, 0.9032476544380188, 0.9059650301933289, 0.9097124338150024, 0.9535994529724121, 0.9401750564575195, 0.9312951564788818, 0.9388973712921143, 0.9193797707557678, 0.9048314690589905, 0.9502381682395935], "val_recall": [0.28990259766578674, 0.5801308751106262, 0.8218337893486023, 0.19601641595363617, 0.6455342173576355, 0.366723895072937, 0.8684808611869812, 0.7148461937904358, 0.6187160611152649, 0.6057344675064087, 0.515852689743042, 0.7414278388023376, 0.5941759347915649, 0.8264893293380737, 0.8631823062896729, 0.7609524726867676, 0.7339870929718018, 0.590957522392273, 0.6469338536262512, 0.6755455732345581, 0.7158073782920837, 0.8350843191146851, 0.5208992958068848, 0.7450690269470215, 0.8415830731391907, 0.7449427247047424, 0.6863873600959778, 0.7313451766967773, 0.6603352427482605, 0.7909125089645386, 0.7828590273857117, 0.8230702877044678, 0.7783069014549255, 0.7915677428245544, 0.6777653694152832, 0.7710486054420471, 0.832596480846405, 0.8514702916145325, 0.7962310910224915, 0.7774159908294678, 0.8521619439125061, 0.8452717661857605, 0.8569925427436829, 0.7894577383995056, 0.763864278793335, 0.850356936454773, 0.8305502533912659, 0.8540297746658325, 0.8707939982414246, 0.823306679725647]}